{"config": {"embedding_model": "all_mpnet_base_v2", "prompt": "persona", "top_k": 10}, "metrics": {"f1_score": 44.59180259525789, "exact_match": 33.44226579520697, "faithfulness": 0.725, "context_recall": 0.6818181818181818, "context_precision": NaN, "answer_relevancy": 0.641414588859115}}