{"config": {"embedding_model": "all_mpnet_base_v2", "prompt": "cot", "top_k": 5}, "metrics": {"f1_score": 39.62853832718259, "exact_match": 29.41176470588235, "faithfulness": 0.7727272727272727, "context_recall": 0.6842105263157895, "context_precision": 0.6904761904245238, "answer_relevancy": 0.607450858932156}}