{"config": {"embedding_model": "all_MiniLM_L6_v2", "prompt": "basic", "top_k": 10}, "metrics": {"f1_score": 50.243823367522076, "exact_match": 39.651416122004356, "faithfulness": 0.9166666666666666, "context_recall": 0.8421052631578947, "context_precision": NaN, "answer_relevancy": 0.7997814450712123}}