{"config": {"embedding_model": "all_mpnet_base_v2", "prompt": "cot", "top_k": 10}, "metrics": {"f1_score": 42.18885935348839, "exact_match": 31.48148148148148, "faithfulness": 0.85, "context_recall": 0.782608695652174, "context_precision": NaN, "answer_relevancy": 0.6092759376855639}}