{"config": {"embedding_model": "all_MiniLM_L6_v2", "prompt": "cot", "top_k": 10}, "metrics": {"f1_score": 42.4271519422115, "exact_match": 31.48148148148148, "faithfulness": 0.7352941176470589, "context_recall": 0.8333333333333334, "context_precision": NaN, "answer_relevancy": 0.7277640596407612}}