{"config": {"embedding_model": "all_mpnet_base_v2", "prompt": "persona", "top_k": 5}, "metrics": {"f1_score": 43.059448352210694, "exact_match": 32.35294117647059, "faithfulness": 0.8589743589743589, "context_recall": 0.6, "context_precision": 0.8380952380328571, "answer_relevancy": 0.7447410876101261}}