{"config": {"embedding_model": "all_MiniLM_L6_v2", "prompt": "cot", "top_k": 5}, "metrics": {"f1_score": 39.36754334551793, "exact_match": 28.758169934640524, "faithfulness": 0.5952380952380951, "context_recall": 0.5625, "context_precision": 0.24166666665268519, "answer_relevancy": 0.5410998678180221}}