{"config": {"embedding_model": "all_MiniLM_L6_v2", "prompt": "basic", "top_k": 5}, "metrics": {"f1_score": 49.467301030878794, "exact_match": 39.32461873638344, "faithfulness": 0.96875, "context_recall": 0.7272727272727273, "context_precision": 0.9166666665958333, "answer_relevancy": 0.7898801723177926}}