{"config": {"embedding_model": "all_mpnet_base_v2", "prompt": "basic", "top_k": 10}, "metrics": {"f1_score": 48.442929301424826, "exact_match": 38.23529411764706, "faithfulness": 0.6470588235294118, "context_recall": 0.55, "context_precision": NaN, "answer_relevancy": 0.6719555558848745}}