{"config": {"embedding_model": "all_MiniLM_L6_v2", "prompt": "basic", "top_k": 3}, "metrics": {"f1_score": 47.47837788653732, "exact_match": 37.690631808278866, "faithfulness": 0.7570204230488694, "context_recall": 0.6129266521423385, "context_precision": 0.7176481278929072, "answer_relevancy": 0.7108928782640586}}