{"config": {"embedding_model": "all_MiniLM_L6_v2", "prompt": "persona", "top_k": 5}, "metrics": {"f1_score": 43.41038602025111, "exact_match": 32.35294117647059, "faithfulness": 0.9583333333333334, "context_recall": 0.6521739130434783, "context_precision": 0.7638888888173611, "answer_relevancy": 0.7573535710625964}}