{"config": {"embedding_model": "all_mpnet_base_v2", "prompt": "persona", "top_k": 3}, "metrics": {"f1_score": 42.68654934975181, "exact_match": 32.6797385620915, "faithfulness": 0.9, "context_recall": 0.7222222222222222, "context_precision": 0.9259259258435184, "answer_relevancy": 0.7856526584146707}}